epoch,loss
1,4416.553923576109
2,2663.772222703503
3,2442.4159545898438
4,2213.2469620243196
5,2162.73436515562
6,2207.8142168598793
7,2039.3981067288307
8,1953.998537125126
9,2057.933587843372
10,1889.2186948714718
