epoch,loss
1,1793.49854992282
2,724.7539274154171
3,676.7704758182649
4,598.379167126071
5,484.61995426301036
6,468.67058427872195
7,440.32369872062435
8,496.82424656037364
9,393.7023512317288
10,428.88504348262666
11,400.9705392160723
12,373.8358621904927
13,363.4572905263593
